time_acc,vm3
2018-09-13 02:59:00-07,0
2018-09-13 02:58:00-07,0
2018-09-13 02:57:00-07,0
2018-09-13 02:56:00-07,0
2018-09-13 02:55:00-07,0
2018-09-13 02:54:00-07,0
2018-09-13 02:53:00-07,0
2018-09-13 02:52:00-07,0
2018-09-13 02:51:00-07,0
2018-09-13 02:50:00-07,0
2018-09-13 02:49:00-07,0
2018-09-13 02:48:00-07,0
2018-09-13 02:47:00-07,0
2018-09-13 02:46:00-07,0
2018-09-13 02:45:00-07,0
2018-09-13 02:44:00-07,0
2018-09-13 02:43:00-07,0
2018-09-13 02:42:00-07,0
2018-09-13 02:41:00-07,0
2018-09-13 01:17:00-07,0
2018-09-13 01:16:00-07,0
2018-09-13 01:15:00-07,0
2018-09-13 01:14:00-07,0
2018-09-13 01:13:00-07,0
2018-09-13 01:12:00-07,0
2018-09-13 01:11:00-07,0
2018-09-13 01:10:00-07,0
2018-09-13 01:09:00-07,0
2018-09-13 01:08:00-07,0
2018-09-13 01:07:00-07,0
2018-09-13 01:06:00-07,0
2018-09-13 01:05:00-07,0
2018-09-13 01:04:00-07,0
2018-09-13 01:03:00-07,0
2018-09-13 01:02:00-07,0
2018-09-13 01:01:00-07,0
2018-09-13 01:00:00-07,0
2018-09-13 00:59:00-07,0
2018-09-13 00:58:00-07,0
2018-09-13 00:57:00-07,0
2018-09-13 00:56:00-07,0
2018-09-13 00:55:00-07,0
2018-09-13 00:54:00-07,0
2018-09-13 00:53:00-07,0
2018-09-13 00:52:00-07,0
2018-09-13 00:51:00-07,0
2018-09-13 00:50:00-07,0
2018-09-13 00:49:00-07,0
2018-09-13 00:48:00-07,0
2018-09-13 00:47:00-07,0
2018-09-13 00:46:00-07,0
2018-09-13 00:45:00-07,0
2018-09-13 00:44:00-07,0
2018-09-13 00:43:00-07,0
2018-09-13 00:42:00-07,0
2018-09-13 00:41:00-07,0
2018-09-13 00:40:00-07,0
2018-09-13 00:39:00-07,0
2018-09-13 00:38:00-07,0
2018-09-13 00:37:00-07,0
2018-09-13 00:36:00-07,0
2018-09-13 00:35:00-07,0
2018-09-13 00:34:00-07,0
2018-09-13 00:33:00-07,0
2018-09-13 00:32:00-07,0
2018-09-13 00:31:00-07,0
2018-09-13 00:30:00-07,0
2018-09-13 00:29:00-07,0
2018-09-13 00:28:00-07,0
2018-09-13 00:27:00-07,0
2018-09-13 00:26:00-07,0
2018-09-13 00:25:00-07,0
2018-09-13 00:24:00-07,0
2018-09-13 00:23:00-07,0
2018-09-13 00:22:00-07,0
2018-09-13 00:21:00-07,0
2018-09-13 00:20:00-07,0
2018-09-13 00:19:00-07,0
2018-09-13 00:18:00-07,0
2018-09-13 00:17:00-07,0
2018-09-13 00:16:00-07,0
2018-09-13 00:15:00-07,0
2018-09-13 00:14:00-07,0
2018-09-13 00:13:00-07,0
2018-09-13 00:12:00-07,0
2018-09-13 00:11:00-07,0
2018-09-13 00:10:00-07,0
2018-09-13 00:09:00-07,0
2018-09-13 00:08:00-07,0
2018-09-13 00:07:00-07,0
2018-09-13 00:06:00-07,0
2018-09-13 00:05:00-07,0
2018-09-13 00:04:00-07,0
2018-09-13 00:03:00-07,0
2018-09-13 00:02:00-07,0
2018-09-13 00:01:00-07,0
2018-09-13 00:00:00-07,0
2018-09-12 23:59:00-07,0
2018-09-12 23:58:00-07,0
2018-09-12 23:57:00-07,0
2018-09-12 23:56:00-07,0
2018-09-12 23:55:00-07,0
2018-09-12 23:54:00-07,0
2018-09-12 23:53:00-07,0
2018-09-12 23:52:00-07,0
2018-09-12 23:51:00-07,0
2018-09-12 23:50:00-07,0
2018-09-12 23:49:00-07,0
2018-09-12 23:48:00-07,0
2018-09-12 23:47:00-07,0
2018-09-12 23:46:00-07,0
2018-09-12 23:45:00-07,962.699330009116
2018-09-12 23:44:00-07,0
2018-09-12 23:43:00-07,0
2018-09-12 23:42:00-07,0
2018-09-12 23:41:00-07,0
2018-09-12 23:40:00-07,0
2018-09-12 23:39:00-07,0
2018-09-12 23:38:00-07,0
2018-09-12 23:37:00-07,0
2018-09-12 23:36:00-07,0
2018-09-12 23:35:00-07,0
2018-09-12 23:34:00-07,0
2018-09-12 23:33:00-07,0
2018-09-12 23:32:00-07,0
2018-09-12 23:31:00-07,0
2018-09-12 23:30:00-07,0
2018-09-12 23:29:00-07,0
2018-09-12 23:28:00-07,0
2018-09-12 23:27:00-07,0
2018-09-12 23:26:00-07,0
2018-09-12 23:25:00-07,0
2018-09-12 23:24:00-07,0
2018-09-12 23:23:00-07,0
2018-09-12 23:22:00-07,0
2018-09-12 23:21:00-07,0
2018-09-12 23:20:00-07,0
2018-09-12 23:19:00-07,0
2018-09-12 23:18:00-07,0
2018-09-12 23:17:00-07,0
2018-09-12 23:16:00-07,0
2018-09-12 23:15:00-07,0
2018-09-12 23:14:00-07,0
2018-09-12 23:13:00-07,0
2018-09-12 23:12:00-07,0
2018-09-12 23:11:00-07,0
2018-09-12 23:10:00-07,0
2018-09-12 23:09:00-07,0
2018-09-12 23:08:00-07,0
2018-09-12 23:07:00-07,0
2018-09-12 23:06:00-07,0
2018-09-12 23:05:00-07,0
2018-09-12 23:04:00-07,0
2018-09-12 23:03:00-07,0
2018-09-12 23:02:00-07,0
2018-09-12 23:01:00-07,0
2018-09-12 23:00:00-07,0
2018-09-12 22:59:00-07,0
2018-09-12 22:58:00-07,0
2018-09-12 22:57:00-07,0
2018-09-12 22:56:00-07,0
2018-09-12 22:55:00-07,0
2018-09-12 22:54:00-07,0
2018-09-12 22:53:00-07,0
2018-09-12 22:52:00-07,0
2018-09-12 22:51:00-07,0
2018-09-12 22:50:00-07,0
2018-09-12 22:49:00-07,0
2018-09-12 22:48:00-07,0
2018-09-12 22:47:00-07,0
2018-09-12 22:46:00-07,0
2018-09-12 22:45:00-07,0
2018-09-12 22:44:00-07,0
2018-09-12 22:43:00-07,0
2018-09-12 22:42:00-07,0
2018-09-12 22:41:00-07,0
2018-09-12 22:40:00-07,0
2018-09-12 22:39:00-07,0
2018-09-12 22:38:00-07,0
2018-09-12 22:37:00-07,0
2018-09-12 22:36:00-07,0
2018-09-12 22:35:00-07,0
2018-09-12 22:34:00-07,0
2018-09-12 22:33:00-07,0
2018-09-12 22:32:00-07,0
2018-09-12 22:31:00-07,0
2018-09-12 22:30:00-07,0
2018-09-12 22:29:00-07,0
2018-09-12 22:28:00-07,0
2018-09-12 22:27:00-07,0
2018-09-12 22:26:00-07,0
2018-09-12 22:25:00-07,0
2018-09-12 22:24:00-07,0
2018-09-12 22:23:00-07,0
2018-09-12 22:22:00-07,0
2018-09-12 22:21:00-07,0
2018-09-12 22:20:00-07,0
2018-09-12 22:19:00-07,0
2018-09-12 22:18:00-07,0
2018-09-12 22:17:00-07,0
2018-09-12 22:16:00-07,0
2018-09-12 22:15:00-07,0
2018-09-12 22:14:00-07,0
2018-09-12 22:13:00-07,0
2018-09-12 22:12:00-07,0
2018-09-12 22:11:00-07,0
2018-09-12 22:10:00-07,0
2018-09-12 22:09:00-07,0
2018-09-12 22:08:00-07,0
2018-09-12 22:07:00-07,0
2018-09-12 22:06:00-07,0
2018-09-12 22:05:00-07,0
2018-09-12 22:04:00-07,0
2018-09-12 22:03:00-07,0
2018-09-12 22:02:00-07,0
2018-09-12 22:01:00-07,0
2018-09-12 22:00:00-07,0
2018-09-12 21:59:00-07,0
2018-09-12 21:58:00-07,0
2018-09-12 21:57:00-07,0
2018-09-12 21:56:00-07,0
2018-09-12 21:55:00-07,0
2018-09-12 21:54:00-07,0
2018-09-12 21:53:00-07,0
2018-09-12 21:52:00-07,0
2018-09-12 21:51:00-07,0
2018-09-12 21:50:00-07,0
2018-09-12 21:49:00-07,0
2018-09-12 21:48:00-07,0
2018-09-12 21:47:00-07,0
2018-09-12 21:46:00-07,0
2018-09-12 21:45:00-07,0
2018-09-12 21:44:00-07,0
2018-09-12 21:43:00-07,0
2018-09-12 21:42:00-07,0
2018-09-12 21:33:00-07,0
2018-09-12 21:32:00-07,0
2018-09-12 21:31:00-07,0
2018-09-12 21:30:00-07,0
2018-09-12 21:29:00-07,0
2018-09-12 21:28:00-07,0
2018-09-12 21:27:00-07,0
2018-09-12 21:26:00-07,0
2018-09-12 21:25:00-07,0
2018-09-12 21:24:00-07,0
2018-09-13 02:40:00-07,0
2018-09-13 02:39:00-07,0
2018-09-13 02:38:00-07,0
2018-09-13 02:37:00-07,0
2018-09-13 02:36:00-07,0
2018-09-13 02:35:00-07,0
2018-09-13 02:34:00-07,0
2018-09-13 02:33:00-07,0
2018-09-13 02:32:00-07,0
2018-09-13 02:31:00-07,0
2018-09-13 02:30:00-07,0
2018-09-13 02:29:00-07,0
2018-09-13 02:28:00-07,0
2018-09-13 02:27:00-07,0
2018-09-13 02:26:00-07,0
2018-09-13 02:25:00-07,0
2018-09-13 02:24:00-07,0
2018-09-13 02:23:00-07,0
2018-09-13 02:22:00-07,0
2018-09-13 02:21:00-07,0
2018-09-13 02:20:00-07,0
2018-09-13 02:19:00-07,0
2018-09-13 02:18:00-07,0
2018-09-13 02:17:00-07,0
2018-09-13 02:16:00-07,0
2018-09-13 02:15:00-07,0
2018-09-13 02:14:00-07,0
2018-09-13 02:13:00-07,0
2018-09-13 02:12:00-07,0
2018-09-13 02:11:00-07,0
2018-09-13 02:10:00-07,0
2018-09-13 02:09:00-07,0
2018-09-13 02:08:00-07,0
2018-09-13 02:07:00-07,0
2018-09-13 02:06:00-07,0
2018-09-13 02:05:00-07,0
2018-09-13 02:04:00-07,0
2018-09-13 02:03:00-07,0
2018-09-13 02:02:00-07,0
2018-09-13 02:01:00-07,0
2018-09-13 02:00:00-07,0
2018-09-13 01:59:00-07,0
2018-09-13 01:58:00-07,0
2018-09-13 01:57:00-07,0
2018-09-13 01:56:00-07,0
2018-09-13 01:55:00-07,0
2018-09-13 01:54:00-07,0
2018-09-13 01:53:00-07,0
2018-09-13 01:52:00-07,0
2018-09-13 01:51:00-07,0
2018-09-13 01:50:00-07,0
2018-09-13 01:49:00-07,0
2018-09-13 01:48:00-07,0
2018-09-13 01:47:00-07,0
2018-09-13 01:46:00-07,0
2018-09-13 01:45:00-07,0
2018-09-13 01:44:00-07,0
2018-09-13 01:43:00-07,0
2018-09-13 01:42:00-07,0
2018-09-13 01:41:00-07,0
2018-09-13 01:40:00-07,0
2018-09-13 01:39:00-07,0
2018-09-13 01:38:00-07,0
2018-09-13 01:37:00-07,0
2018-09-13 01:36:00-07,0
2018-09-13 01:35:00-07,0
2018-09-13 01:34:00-07,0
2018-09-13 01:33:00-07,0
2018-09-13 01:32:00-07,0
2018-09-13 01:31:00-07,0
2018-09-13 01:30:00-07,0
2018-09-13 01:29:00-07,0
2018-09-13 01:28:00-07,0
2018-09-13 01:27:00-07,0
2018-09-13 01:26:00-07,0
2018-09-13 01:25:00-07,0
2018-09-13 01:24:00-07,0
2018-09-13 01:23:00-07,0
2018-09-13 01:22:00-07,0
2018-09-13 01:21:00-07,0
2018-09-13 01:20:00-07,0
2018-09-13 01:19:00-07,0
2018-09-13 01:18:00-07,0
2018-09-12 21:23:00-07,0
2018-09-12 21:22:00-07,0
2018-09-12 21:21:00-07,0
2018-09-12 21:20:00-07,0
2018-09-12 21:19:00-07,0
2018-09-12 21:18:00-07,0
2018-09-12 21:17:00-07,0
2018-09-12 21:16:00-07,0
2018-09-12 21:15:00-07,0
2018-09-12 21:14:00-07,0
2018-09-12 21:13:00-07,0
2018-09-12 21:12:00-07,0
2018-09-12 21:11:00-07,0
2018-09-12 21:10:00-07,0
2018-09-12 21:09:00-07,0
2018-09-12 21:08:00-07,0
2018-09-12 21:07:00-07,0
2018-09-12 21:06:00-07,0
2018-09-12 21:05:00-07,0
2018-09-12 21:04:00-07,0
2018-09-12 21:03:00-07,0
2018-09-12 21:02:00-07,0
2018-09-12 21:01:00-07,0
2018-09-12 21:00:00-07,0
2018-09-12 20:59:00-07,0
2018-09-12 20:58:00-07,0
2018-09-12 20:57:00-07,0
2018-09-12 20:56:00-07,0
2018-09-12 20:55:00-07,0
2018-09-12 20:54:00-07,0
2018-09-12 20:53:00-07,0
2018-09-12 20:52:00-07,0
2018-09-12 20:51:00-07,0
2018-09-12 20:50:00-07,0
2018-09-12 20:49:00-07,0
2018-09-12 20:48:00-07,0
2018-09-12 20:47:00-07,0
2018-09-12 20:46:00-07,0
2018-09-12 20:45:00-07,0
2018-09-12 20:44:00-07,0
2018-09-12 20:43:00-07,0
2018-09-12 20:42:00-07,0
2018-09-12 20:41:00-07,0
2018-09-12 20:40:00-07,0
2018-09-12 20:39:00-07,0
2018-09-12 20:38:00-07,0
2018-09-12 20:37:00-07,0
2018-09-12 20:36:00-07,0
2018-09-12 20:35:00-07,0
2018-09-12 20:34:00-07,0
2018-09-12 20:33:00-07,0
2018-09-12 20:32:00-07,0
2018-09-12 20:31:00-07,0
2018-09-12 20:30:00-07,0
2018-09-12 20:29:00-07,0
2018-09-12 20:28:00-07,0
2018-09-12 20:27:00-07,0
2018-09-12 20:26:00-07,0
2018-09-12 20:25:00-07,0
2018-09-12 20:24:00-07,0
2018-09-12 20:23:00-07,0
2018-09-12 20:22:00-07,0
2018-09-12 20:21:00-07,0
2018-09-12 20:20:00-07,0
2018-09-12 20:19:00-07,0
2018-09-12 20:18:00-07,0
2018-09-12 20:17:00-07,0
2018-09-12 20:16:00-07,0
2018-09-12 20:15:00-07,0
2018-09-12 20:14:00-07,0
2018-09-12 20:13:00-07,0
2018-09-12 20:12:00-07,0
2018-09-12 20:11:00-07,0
2018-09-12 20:10:00-07,0
2018-09-12 20:09:00-07,0
2018-09-12 20:08:00-07,0
2018-09-12 20:07:00-07,0
2018-09-12 20:06:00-07,0
2018-09-12 20:05:00-07,0
2018-09-12 20:04:00-07,0
2018-09-12 20:03:00-07,0
2018-09-12 20:02:00-07,0
2018-09-12 20:01:00-07,0
2018-09-12 20:00:00-07,0
2018-09-12 19:59:00-07,0
2018-09-12 19:58:00-07,0
2018-09-12 19:57:00-07,0
2018-09-12 19:56:00-07,0
2018-09-12 19:55:00-07,0
2018-09-12 19:54:00-07,0
2018-09-12 19:53:00-07,0
2018-09-12 19:52:00-07,0
2018-09-12 19:51:00-07,0
2018-09-12 19:50:00-07,0
2018-09-12 19:49:00-07,0
2018-09-12 19:48:00-07,0
2018-09-12 19:47:00-07,0
2018-09-12 19:46:00-07,0
2018-09-12 19:45:00-07,0
2018-09-12 19:44:00-07,0
2018-09-12 19:43:00-07,0
2018-09-12 19:42:00-07,0
2018-09-12 19:41:00-07,0
2018-09-12 19:40:00-07,0
2018-09-12 19:39:00-07,0
2018-09-12 19:38:00-07,0
2018-09-12 19:37:00-07,0
2018-09-12 19:36:00-07,0
2018-09-12 19:35:00-07,0
2018-09-12 19:34:00-07,0
2018-09-12 19:33:00-07,0
2018-09-12 19:32:00-07,0
2018-09-12 19:31:00-07,0
2018-09-12 19:30:00-07,0
2018-09-12 19:29:00-07,0
2018-09-12 19:28:00-07,0
2018-09-12 19:27:00-07,0
2018-09-12 19:26:00-07,0
2018-09-12 19:25:00-07,0
2018-09-12 19:24:00-07,0
2018-09-12 19:23:00-07,0
2018-09-12 19:22:00-07,0
2018-09-12 19:21:00-07,0
2018-09-12 19:20:00-07,0
2018-09-12 19:19:00-07,0
2018-09-12 19:18:00-07,0
2018-09-12 19:17:00-07,0
2018-09-12 19:16:00-07,0
2018-09-12 19:15:00-07,0
2018-09-12 19:14:00-07,0
2018-09-12 19:13:00-07,0
2018-09-12 19:12:00-07,0
2018-09-12 19:11:00-07,0
2018-09-12 19:10:00-07,0
2018-09-12 19:09:00-07,0
2018-09-12 19:08:00-07,0
2018-09-12 19:07:00-07,0
2018-09-12 19:06:00-07,0
2018-09-12 19:05:00-07,0
2018-09-12 19:04:00-07,0
2018-09-12 19:03:00-07,0
2018-09-12 19:02:00-07,0
2018-09-12 19:01:00-07,0
2018-09-12 19:00:00-07,0
2018-09-12 18:59:00-07,0
2018-09-12 18:58:00-07,0
2018-09-12 18:57:00-07,0
2018-09-12 18:56:00-07,0
2018-09-12 18:55:00-07,776.332403033649
2018-09-12 18:54:00-07,0
2018-09-12 18:53:00-07,0
2018-09-12 18:52:00-07,0
2018-09-12 18:51:00-07,0
2018-09-12 18:50:00-07,0
2018-09-12 18:49:00-07,0
2018-09-12 18:48:00-07,0
2018-09-12 18:47:00-07,0
2018-09-12 18:46:00-07,0
2018-09-12 18:45:00-07,0
2018-09-12 18:44:00-07,0
2018-09-12 18:43:00-07,0
2018-09-12 18:42:00-07,0
2018-09-12 18:41:00-07,0
2018-09-12 18:40:00-07,0
2018-09-12 18:39:00-07,0
2018-09-12 18:38:00-07,0
2018-09-12 18:37:00-07,0
2018-09-12 18:36:00-07,0
2018-09-12 18:35:00-07,0
2018-09-12 18:34:00-07,0
2018-09-12 18:33:00-07,0
2018-09-12 18:32:00-07,0
2018-09-12 18:31:00-07,0
2018-09-12 18:30:00-07,0
2018-09-12 18:29:00-07,0
2018-09-12 18:28:00-07,0
2018-09-12 18:27:00-07,0
2018-09-12 18:26:00-07,544.181036053261
2018-09-12 18:25:00-07,1193.1274030882
2018-09-12 18:24:00-07,0
2018-09-12 18:23:00-07,0
2018-09-12 18:22:00-07,0
2018-09-12 18:21:00-07,0
2018-09-12 18:20:00-07,0
2018-09-12 18:19:00-07,0
2018-09-12 18:18:00-07,0
2018-09-12 18:17:00-07,0
2018-09-12 18:16:00-07,0
2018-09-12 18:15:00-07,0
2018-09-12 18:14:00-07,0
2018-09-12 18:13:00-07,0
2018-09-12 18:12:00-07,0
2018-09-12 18:11:00-07,0
2018-09-12 18:10:00-07,0
2018-09-12 18:09:00-07,0
2018-09-12 18:08:00-07,0
2018-09-12 18:07:00-07,0
2018-09-12 18:06:00-07,0
2018-09-12 18:05:00-07,0
2018-09-12 18:04:00-07,0
2018-09-12 18:03:00-07,0
2018-09-12 18:02:00-07,0
2018-09-12 18:01:00-07,0
2018-09-12 18:00:00-07,0
2018-09-12 17:59:00-07,0
2018-09-12 17:58:00-07,0
2018-09-12 17:53:00-07,0
2018-09-12 17:52:00-07,0
2018-09-12 17:51:00-07,0
2018-09-12 17:50:00-07,0
2018-09-12 17:49:00-07,0
2018-09-12 17:48:00-07,0
2018-09-12 17:47:00-07,0
2018-09-12 17:46:00-07,0
2018-09-12 17:45:00-07,0
2018-09-12 17:44:00-07,0
2018-09-12 21:41:00-07,0
2018-09-12 21:40:00-07,0
2018-09-12 21:39:00-07,0
2018-09-12 21:38:00-07,0
2018-09-12 21:37:00-07,0
2018-09-12 21:36:00-07,0
2018-09-12 21:35:00-07,0
2018-09-12 21:34:00-07,0
2018-09-12 17:43:00-07,0
2018-09-12 17:42:00-07,0
2018-09-12 17:41:00-07,0
2018-09-12 17:40:00-07,0
2018-09-12 17:39:00-07,0
2018-09-12 17:38:00-07,0
2018-09-12 17:37:00-07,0
2018-09-12 17:36:00-07,0
2018-09-12 17:35:00-07,0
2018-09-12 17:34:00-07,1367.83112992796
2018-09-12 17:33:00-07,0
2018-09-12 17:32:00-07,2471.87256953104
2018-09-12 17:31:00-07,1640.33594120229
2018-09-12 17:30:00-07,1900.21340906752
2018-09-12 17:29:00-07,1163.72419412849
2018-09-12 17:28:00-07,1062.41846745997
2018-09-12 17:27:00-07,210.461397885693
2018-09-12 17:26:00-07,101.271911209377
2018-09-12 17:25:00-07,56.0892146495206
2018-09-12 17:24:00-07,11.0453610171873
2018-09-12 17:23:00-07,87.4642784226795
2018-09-12 17:22:00-07,143.6488774756
2018-09-12 17:21:00-07,253.767610226364
2018-09-12 17:20:00-07,69.0362223763728
2018-09-12 17:19:00-07,236.731915887993
2018-09-12 17:18:00-07,56.9209978830308
2018-09-12 17:17:00-07,188
2018-09-12 17:16:00-07,26.4764045897475
2018-09-12 17:15:00-07,48
2018-09-12 17:14:00-07,81.8840643837371
2018-09-12 17:13:00-07,92.9623579735368
2018-09-12 17:12:00-07,597.164968831897
2018-09-12 17:11:00-07,1386.50640099496
2018-09-12 17:10:00-07,2249.20074693212
2018-09-12 17:09:00-07,741.307628451239
2018-09-12 17:08:00-07,1858.53974937315
2018-09-12 17:07:00-07,459.524754501866
2018-09-12 17:06:00-07,0
2018-09-12 17:05:00-07,12
2018-09-12 17:04:00-07,87.5556965593901
2018-09-12 17:03:00-07,0
2018-09-12 17:02:00-07,0
2018-09-12 17:01:00-07,8.60232526704263
2018-09-12 17:00:00-07,0
2018-09-12 16:59:00-07,0
2018-09-12 16:58:00-07,0
2018-09-12 16:57:00-07,9.89949493661167
2018-09-12 16:56:00-07,20.591260281974
2018-09-12 16:55:00-07,0
2018-09-12 16:54:00-07,7
2018-09-12 16:53:00-07,12.0830459735946
2018-09-12 16:52:00-07,0
2018-09-12 16:51:00-07,0
2018-09-12 16:50:00-07,0
2018-09-12 16:49:00-07,31.2569992161756
2018-09-12 16:48:00-07,229.630137394899
2018-09-12 16:47:00-07,21
2018-09-12 16:46:00-07,33.1058907144937
2018-09-12 16:45:00-07,0
2018-09-12 16:44:00-07,312.081720067036
2018-09-12 16:43:00-07,0
2018-09-12 16:42:00-07,33.3016516106934
2018-09-12 16:41:00-07,89.6381615161757
2018-09-12 16:40:00-07,289.124540639497
2018-09-12 16:39:00-07,5
2018-09-12 16:38:00-07,0
2018-09-12 16:37:00-07,0
2018-09-12 16:36:00-07,403.153816799494
2018-09-12 16:35:00-07,22
2018-09-12 16:34:00-07,0
2018-09-12 16:33:00-07,19
2018-09-12 16:32:00-07,3
2018-09-12 16:31:00-07,13
2018-09-12 16:30:00-07,613.196542716933
2018-09-12 16:29:00-07,1781.75952361703
2018-09-12 16:28:00-07,2195.83446552785
2018-09-12 16:27:00-07,624.442951757805
2018-09-12 16:26:00-07,1010.71905097312
2018-09-12 16:25:00-07,1682.34360342945
2018-09-12 16:24:00-07,2116.73073393854
2018-09-12 16:23:00-07,1821.86442964344
2018-09-12 16:22:00-07,1073.72063405711
2018-09-12 16:21:00-07,1056.14534984537
2018-09-12 16:20:00-07,1193.91540738865
2018-09-12 16:19:00-07,2070.52312230509
2018-09-12 16:18:00-07,3217.96115576307
2018-09-12 16:17:00-07,1201.26599885288
2018-09-12 16:16:00-07,657.58801692245
2018-09-12 16:15:00-07,1574.7336282686
2018-09-12 16:14:00-07,974.52860399272
2018-09-12 16:13:00-07,1672.89270427006
2018-09-12 16:12:00-07,106.386089316226
2018-09-12 16:11:00-07,334.020957426327
2018-09-12 16:10:00-07,1031.62153913148
2018-09-12 16:09:00-07,958.746577568859
2018-09-12 16:08:00-07,680.77455886659
2018-09-12 16:07:00-07,1628.75934379515
2018-09-12 16:06:00-07,447.485195285833
2018-09-12 16:05:00-07,2277.6479095769
2018-09-12 16:04:00-07,694.266519428958
2018-09-12 16:03:00-07,1827.87882530544
2018-09-12 16:02:00-07,66.7532770731145
2018-09-12 16:01:00-07,138.708327075198
2018-09-12 16:00:00-07,289.375188984819
2018-09-12 15:59:00-07,79.227520471109
2018-09-12 15:58:00-07,0
2018-09-12 15:57:00-07,0
2018-09-12 15:56:00-07,0
2018-09-12 15:55:00-07,4
2018-09-12 15:54:00-07,45.6946386351835
2018-09-12 15:53:00-07,4
2018-09-12 15:52:00-07,21
2018-09-12 15:51:00-07,250.459577576902
2018-09-12 15:50:00-07,54
2018-09-12 15:49:00-07,59.5399025864168
2018-09-12 15:48:00-07,34
2018-09-12 15:47:00-07,5
2018-09-12 15:46:00-07,39.1152144312159
2018-09-12 15:45:00-07,157.136883003323
2018-09-12 15:44:00-07,197.608198210499
2018-09-12 15:43:00-07,94.8683298050514
2018-09-12 15:42:00-07,63.3245607959503
2018-09-12 15:41:00-07,137.702578044131
2018-09-12 15:40:00-07,2293.23810364297
2018-09-12 15:39:00-07,1253.3036343999
2018-09-12 15:38:00-07,1745.85795527586
2018-09-12 15:37:00-07,1490.04194571831
2018-09-12 15:36:00-07,1164.57545912663
2018-09-12 15:35:00-07,2189.04294156145
2018-09-12 15:34:00-07,2528.90747161694
2018-09-12 15:33:00-07,1033.41230880999
2018-09-12 15:32:00-07,1639.46485171229
2018-09-12 15:31:00-07,2329.13739397228
2018-09-12 15:30:00-07,359.214420645942
2018-09-12 15:29:00-07,1113.59014004256
2018-09-12 15:28:00-07,560.13034197408
2018-09-12 15:27:00-07,0
2018-09-12 15:26:00-07,18
2018-09-12 15:25:00-07,0
2018-09-12 15:24:00-07,16
2018-09-12 15:23:00-07,42.9418211071678
2018-09-12 15:22:00-07,16.1245154965971
2018-09-12 15:21:00-07,16.2788205960997
2018-09-12 15:20:00-07,93.6002136749698
2018-09-12 15:19:00-07,236.429693566608
2018-09-12 15:18:00-07,1237.52414117867
2018-09-12 15:17:00-07,162.803562614582
2018-09-12 15:16:00-07,1609.69407031274
2018-09-12 15:15:00-07,571.35890646773
2018-09-12 15:14:00-07,1728.3810343787
2018-09-12 15:13:00-07,621.942923426258
2018-09-12 15:12:00-07,267.151642330718
2018-09-12 15:11:00-07,37
2018-09-12 15:10:00-07,237.191905426808
2018-09-12 15:09:00-07,201.950488981829
2018-09-12 15:08:00-07,287.127149534836
2018-09-12 15:07:00-07,23
2018-09-12 15:06:00-07,38.0788655293195
2018-09-12 15:05:00-07,720.867532907399
2018-09-12 15:04:00-07,1518.9272530309
2018-09-12 15:03:00-07,920.301037704511
2018-09-12 15:02:00-07,1011.24873300291
2018-09-12 15:01:00-07,706.23296439631
2018-09-12 15:00:00-07,934.063167028869
2018-09-12 14:59:00-07,529.469545866427
2018-09-12 14:58:00-07,0
2018-09-12 14:57:00-07,147.105404387466
2018-09-12 14:56:00-07,446.56690428199
2018-09-12 14:55:00-07,1398.2993241792
2018-09-12 14:54:00-07,744.061153400713
2018-09-12 14:53:00-07,241.364869026128
2018-09-12 14:52:00-07,776.732257602322
2018-09-12 14:51:00-07,432.354021607293
2018-09-12 14:50:00-07,641.275291898885
2018-09-12 14:49:00-07,169.570044524379
2018-09-12 14:48:00-07,2145.5491138634
2018-09-12 14:47:00-07,2201.24873651298
2018-09-12 14:46:00-07,755.520350487
2018-09-12 14:45:00-07,32.5576411921994
2018-09-12 14:44:00-07,400.404795176082
2018-09-12 14:43:00-07,238.799078725191
2018-09-12 14:42:00-07,128.693434175952
2018-09-12 14:41:00-07,29.1547594742265
2018-09-12 14:40:00-07,158.685223004538
2018-09-12 14:39:00-07,5.8309518948453
2018-09-12 14:38:00-07,0
2018-09-12 14:37:00-07,5
2018-09-12 14:36:00-07,101
2018-09-12 14:35:00-07,381.65036355282
2018-09-12 14:34:00-07,11
2018-09-12 14:33:00-07,36
2018-09-12 14:32:00-07,38.0788655293195
2018-09-12 14:31:00-07,0
2018-09-12 14:30:00-07,0
2018-09-12 14:29:00-07,0
2018-09-12 14:28:00-07,1294.93899470207
2018-09-12 14:27:00-07,2294.4326096009
2018-09-12 14:26:00-07,0
2018-09-12 14:25:00-07,65.9469483751902
2018-09-12 14:24:00-07,0
2018-09-12 14:23:00-07,1515.73810402721
2018-09-12 14:22:00-07,1123.76421014375
2018-09-12 14:21:00-07,1038.41465706143
2018-09-12 14:20:00-07,984.82130358761
2018-09-12 14:19:00-07,1786.24998250525
2018-09-12 14:18:00-07,119.037809119624
2018-09-12 07:27:00-07,0
2018-09-12 07:26:00-07,0
2018-09-12 07:25:00-07,0
2018-09-12 07:24:00-07,0
2018-09-12 07:23:00-07,0
2018-09-12 07:22:00-07,0
2018-09-12 07:21:00-07,0
2018-09-12 07:20:00-07,0
2018-09-12 07:19:00-07,0
2018-09-12 07:18:00-07,0
2018-09-12 17:57:00-07,0
2018-09-12 17:56:00-07,0
2018-09-12 17:55:00-07,0
2018-09-12 17:54:00-07,0
2018-09-12 07:17:00-07,0
2018-09-12 07:16:00-07,0
2018-09-12 07:15:00-07,0
2018-09-12 07:14:00-07,0
2018-09-12 07:13:00-07,0
2018-09-12 07:12:00-07,0
2018-09-12 07:11:00-07,0
2018-09-12 07:10:00-07,0
2018-09-12 07:09:00-07,0
2018-09-12 07:08:00-07,0
2018-09-12 07:07:00-07,0
2018-09-12 07:06:00-07,0
2018-09-12 07:05:00-07,0
2018-09-12 07:04:00-07,0
2018-09-12 07:03:00-07,0
2018-09-12 07:02:00-07,0
2018-09-12 07:01:00-07,0
2018-09-12 07:00:00-07,0
2018-09-12 06:59:00-07,0
2018-09-12 06:58:00-07,0
2018-09-12 06:57:00-07,0
2018-09-12 06:56:00-07,0
2018-09-12 06:55:00-07,0
2018-09-12 06:54:00-07,0
2018-09-12 06:53:00-07,0
2018-09-12 06:52:00-07,0
2018-09-12 06:51:00-07,0
2018-09-12 06:50:00-07,0
2018-09-12 06:49:00-07,0
2018-09-12 06:48:00-07,0
2018-09-12 06:47:00-07,0
2018-09-12 06:46:00-07,0
2018-09-12 06:45:00-07,0
2018-09-12 06:44:00-07,0
2018-09-12 06:43:00-07,0
2018-09-12 06:42:00-07,0
2018-09-12 06:41:00-07,0
2018-09-12 06:40:00-07,0
2018-09-12 06:39:00-07,0
2018-09-12 06:38:00-07,0
2018-09-12 06:37:00-07,0
2018-09-12 06:36:00-07,0
2018-09-12 06:35:00-07,0
2018-09-12 06:34:00-07,0
2018-09-12 06:33:00-07,0
2018-09-12 06:32:00-07,0
2018-09-12 06:31:00-07,0
2018-09-12 06:30:00-07,0
2018-09-12 06:29:00-07,0
2018-09-12 06:28:00-07,0
2018-09-12 06:27:00-07,0
2018-09-12 06:26:00-07,0
2018-09-12 06:25:00-07,0
2018-09-12 06:24:00-07,0
2018-09-12 06:23:00-07,0
2018-09-12 06:22:00-07,0
2018-09-12 06:21:00-07,0
2018-09-12 06:20:00-07,0
2018-09-12 06:19:00-07,0
2018-09-12 06:18:00-07,0
2018-09-12 06:17:00-07,0
2018-09-12 06:16:00-07,0
2018-09-12 06:15:00-07,0
2018-09-12 06:14:00-07,0
2018-09-12 06:13:00-07,0
2018-09-12 06:12:00-07,0
2018-09-12 06:11:00-07,0
2018-09-12 06:10:00-07,0
2018-09-12 06:09:00-07,0
2018-09-12 06:08:00-07,0
2018-09-12 06:07:00-07,0
2018-09-12 06:06:00-07,0
2018-09-12 06:05:00-07,0
2018-09-12 06:04:00-07,0
2018-09-12 06:03:00-07,0
2018-09-12 06:02:00-07,0
2018-09-12 06:01:00-07,0
2018-09-12 06:00:00-07,0
2018-09-12 05:59:00-07,0
2018-09-12 05:58:00-07,0
2018-09-12 05:57:00-07,0
2018-09-12 05:56:00-07,0
2018-09-12 05:55:00-07,0
2018-09-12 05:54:00-07,0
2018-09-12 05:53:00-07,0
2018-09-12 05:52:00-07,0
2018-09-12 05:51:00-07,0
2018-09-12 05:50:00-07,0
2018-09-12 05:49:00-07,0
2018-09-12 05:48:00-07,0
2018-09-12 05:47:00-07,0
2018-09-12 05:46:00-07,0
2018-09-12 05:45:00-07,0
2018-09-12 05:44:00-07,0
2018-09-12 05:43:00-07,0
2018-09-12 05:42:00-07,0
2018-09-12 05:41:00-07,0
2018-09-12 05:40:00-07,0
2018-09-12 05:39:00-07,0
2018-09-12 05:38:00-07,0
2018-09-12 05:37:00-07,0
2018-09-12 05:36:00-07,0
2018-09-12 05:35:00-07,0
2018-09-12 05:34:00-07,0
2018-09-12 05:33:00-07,0
2018-09-12 05:32:00-07,0
2018-09-12 05:31:00-07,0
2018-09-12 05:30:00-07,0
2018-09-12 05:29:00-07,0
2018-09-12 05:28:00-07,0
2018-09-12 05:27:00-07,0
2018-09-12 05:26:00-07,0
2018-09-12 05:25:00-07,0
2018-09-12 05:24:00-07,0
2018-09-12 05:23:00-07,0
2018-09-12 05:22:00-07,0
2018-09-12 05:21:00-07,0
2018-09-12 05:20:00-07,0
2018-09-12 05:19:00-07,0
2018-09-12 05:18:00-07,0
2018-09-12 05:17:00-07,0
2018-09-12 05:16:00-07,0
2018-09-12 05:15:00-07,0
2018-09-12 05:14:00-07,0
2018-09-12 05:13:00-07,0
2018-09-12 05:12:00-07,0
2018-09-12 05:11:00-07,0
2018-09-12 05:10:00-07,0
2018-09-12 05:09:00-07,0
2018-09-12 05:08:00-07,0
2018-09-12 05:07:00-07,0
2018-09-12 05:06:00-07,0
2018-09-12 05:05:00-07,0
2018-09-12 05:04:00-07,0
2018-09-12 05:03:00-07,0
2018-09-12 05:02:00-07,0
2018-09-12 05:01:00-07,0
2018-09-12 05:00:00-07,0
2018-09-12 04:59:00-07,0
2018-09-12 04:58:00-07,0
2018-09-12 04:57:00-07,0
2018-09-12 04:56:00-07,0
2018-09-12 04:55:00-07,0
2018-09-12 04:54:00-07,0
2018-09-12 04:53:00-07,0
2018-09-12 04:52:00-07,0
2018-09-12 04:51:00-07,0
2018-09-12 04:50:00-07,0
2018-09-12 04:49:00-07,0
2018-09-12 04:48:00-07,0
2018-09-12 04:47:00-07,0
2018-09-12 04:46:00-07,0
2018-09-12 04:45:00-07,0
2018-09-12 04:44:00-07,0
2018-09-12 04:43:00-07,0
2018-09-12 04:42:00-07,0
2018-09-12 04:41:00-07,0
2018-09-12 04:40:00-07,0
2018-09-12 04:39:00-07,0
2018-09-12 04:38:00-07,0
2018-09-12 04:37:00-07,0
2018-09-12 04:36:00-07,0
2018-09-12 04:35:00-07,0
2018-09-12 04:34:00-07,0
2018-09-12 04:33:00-07,0
2018-09-12 04:32:00-07,0
2018-09-12 04:31:00-07,0
2018-09-12 04:30:00-07,0
2018-09-12 04:29:00-07,0
2018-09-12 04:28:00-07,0
2018-09-12 04:27:00-07,0
2018-09-12 04:26:00-07,0
2018-09-12 04:25:00-07,0
2018-09-12 04:24:00-07,0
2018-09-12 04:23:00-07,0
2018-09-12 04:22:00-07,0
2018-09-12 04:21:00-07,0
2018-09-12 04:20:00-07,0
2018-09-12 04:19:00-07,0
2018-09-12 04:18:00-07,0
2018-09-12 04:17:00-07,0
2018-09-12 04:16:00-07,0
2018-09-12 04:15:00-07,0
2018-09-12 04:14:00-07,0
2018-09-12 04:13:00-07,0
2018-09-12 04:12:00-07,0
2018-09-12 04:11:00-07,0
2018-09-12 04:10:00-07,0
2018-09-12 04:09:00-07,0
2018-09-12 04:08:00-07,0
2018-09-12 04:07:00-07,0
2018-09-12 04:06:00-07,0
2018-09-12 04:05:00-07,0
2018-09-12 04:04:00-07,0
2018-09-12 04:03:00-07,0
2018-09-12 04:02:00-07,0
2018-09-12 04:01:00-07,0
2018-09-12 04:00:00-07,0
2018-09-12 03:59:00-07,0
2018-09-12 03:58:00-07,0
2018-09-12 03:57:00-07,0
2018-09-12 03:56:00-07,0
2018-09-12 03:55:00-07,0
2018-09-12 03:54:00-07,0
2018-09-12 03:53:00-07,0
2018-09-12 03:52:00-07,0
2018-09-12 03:51:00-07,0
2018-09-12 03:50:00-07,0
2018-09-12 03:49:00-07,0
2018-09-12 03:48:00-07,0
2018-09-12 03:47:00-07,0
2018-09-12 03:46:00-07,0
2018-09-12 03:45:00-07,0
2018-09-12 03:44:00-07,0
2018-09-12 03:43:00-07,0
2018-09-12 03:42:00-07,0
2018-09-12 14:13:00-07,633.824108093089
2018-09-12 14:12:00-07,383.036551780636
2018-09-12 14:11:00-07,156.348968656656
2018-09-12 14:10:00-07,11
2018-09-12 14:09:00-07,305.748262464401
2018-09-12 14:08:00-07,1615.25663595603
2018-09-12 14:07:00-07,539.835160025725
2018-09-12 14:06:00-07,1304.10850775539
2018-09-12 14:05:00-07,378.563072684064
2018-09-12 14:04:00-07,803.094016912092
2018-09-12 14:03:00-07,149.251465654445
2018-09-12 14:02:00-07,282.398654387729
2018-09-12 14:01:00-07,597.228599449156
2018-09-12 14:00:00-07,329.886344064134
2018-09-12 13:59:00-07,242.239550858236
2018-09-12 13:58:00-07,322.170762174348
2018-09-12 13:57:00-07,3
2018-09-12 13:56:00-07,938.136983601009
2018-09-12 13:55:00-07,1192.35020023481
2018-09-12 13:54:00-07,465.026880943457
2018-09-12 13:53:00-07,274.985454160761
2018-09-12 13:52:00-07,9
2018-09-12 13:51:00-07,625.90494485984
2018-09-12 13:50:00-07,1207.89776057413
2018-09-12 13:49:00-07,101.59724405711
2018-09-12 13:48:00-07,1160.17498680156
2018-09-12 13:47:00-07,932.269274405201
2018-09-12 13:46:00-07,81.6884324736373
2018-09-12 13:45:00-07,469.99787233561
2018-09-12 13:44:00-07,661.725774018211
2018-09-12 13:43:00-07,172.037786547026
2018-09-12 13:42:00-07,185.270073136489
2018-09-12 13:41:00-07,974.099070936832
2018-09-12 13:40:00-07,1171.29244853708
2018-09-12 13:39:00-07,1550.93842559916
2018-09-12 13:38:00-07,2335.47618270879
2018-09-12 13:37:00-07,526.127361006819
2018-09-12 13:36:00-07,186.796680912697
2018-09-12 13:35:00-07,61.5873363606513
2018-09-12 13:34:00-07,339.56000942396
2018-09-12 13:33:00-07,1939.96159755805
2018-09-12 13:32:00-07,687.577631980564
2018-09-12 13:31:00-07,386.440163544112
2018-09-12 13:30:00-07,15
2018-09-12 13:29:00-07,16.4012194668567
2018-09-12 13:28:00-07,607.111192451597
2018-09-12 13:27:00-07,1674.9214906974
2018-09-12 13:26:00-07,0
2018-09-12 13:25:00-07,143.892320851392
2018-09-12 13:24:00-07,493.113577180755
2018-09-12 13:23:00-07,247.5540345056
2018-09-12 13:22:00-07,56.3205113613149
2018-09-12 13:21:00-07,55.5427763079953
2018-09-12 13:20:00-07,379.665642374972
2018-09-12 13:19:00-07,617.900477423347
2018-09-12 13:18:00-07,2322.84846686132
2018-09-12 13:17:00-07,1920.42000614449
2018-09-12 13:16:00-07,2063.73302536932
2018-09-12 13:15:00-07,927.759667155239
2018-09-12 13:14:00-07,1479.08654243083
2018-09-12 13:13:00-07,1538.9558148303
2018-09-12 13:12:00-07,1473.38284230542
2018-09-12 13:11:00-07,1244.8859385502
2018-09-12 13:10:00-07,911.444457989624
2018-09-12 13:09:00-07,465.343958808965
2018-09-12 13:08:00-07,850.092347924624
2018-09-12 13:07:00-07,278.965947742731
2018-09-12 13:06:00-07,0
2018-09-12 13:05:00-07,0
2018-09-12 13:04:00-07,0
2018-09-12 13:03:00-07,2
2018-09-12 13:02:00-07,70.7248188403477
2018-09-12 13:01:00-07,0
2018-09-12 13:00:00-07,6.32455532033676
2018-09-12 12:59:00-07,83.0240928887513
2018-09-12 12:58:00-07,155.35121499364
2018-09-12 12:57:00-07,72.6704891960967
2018-09-12 12:56:00-07,139
2018-09-12 12:55:00-07,126.142776249772
2018-09-12 12:54:00-07,160.701586799882
2018-09-12 12:53:00-07,255.001960776775
2018-09-12 12:52:00-07,69.1230786351418
2018-09-12 12:51:00-07,319.24442046808
2018-09-12 12:50:00-07,141.855560342202
2018-09-12 12:49:00-07,166.973051717934
2018-09-12 12:48:00-07,56
2018-09-12 12:47:00-07,15
2018-09-12 12:46:00-07,68
2018-09-12 12:45:00-07,99
2018-09-12 12:44:00-07,625.688420861374
2018-09-12 12:43:00-07,567.514757517371
2018-09-12 12:42:00-07,618.922450715758
2018-09-12 12:41:00-07,1238.23140002182
2018-09-12 12:40:00-07,1425.72262379468
2018-09-12 12:39:00-07,0
2018-09-12 12:38:00-07,0
2018-09-12 12:37:00-07,18.1107702762748
2018-09-12 12:36:00-07,0
2018-09-12 12:35:00-07,0
2018-09-12 12:34:00-07,356.350950609087
2018-09-12 12:33:00-07,0
2018-09-12 12:32:00-07,0
2018-09-12 12:31:00-07,0
2018-09-12 12:30:00-07,135
2018-09-12 12:29:00-07,388.450769081489
2018-09-12 12:28:00-07,3
2018-09-12 12:27:00-07,0
2018-09-12 12:26:00-07,0
2018-09-12 12:25:00-07,7.21110255092798
2018-09-12 12:24:00-07,0
2018-09-12 12:23:00-07,19.4164878389476
2018-09-12 12:22:00-07,0
2018-09-12 12:21:00-07,201.539078096532
2018-09-12 12:20:00-07,813.999385749154
2018-09-12 12:19:00-07,0
2018-09-12 12:18:00-07,0
2018-09-12 12:17:00-07,0
2018-09-12 12:16:00-07,0
2018-09-12 12:15:00-07,47
2018-09-12 12:14:00-07,96.3327566303384
2018-09-12 12:13:00-07,798.516749980863
2018-09-12 12:12:00-07,939.407259925108
2018-09-12 12:11:00-07,479.444470194412
2018-09-12 12:10:00-07,1240.3922766609
2018-09-12 12:09:00-07,276.541136180497
2018-09-12 12:08:00-07,0
2018-09-12 12:07:00-07,5
2018-09-12 12:06:00-07,6
2018-09-12 12:05:00-07,34
2018-09-12 12:04:00-07,23.3452350598575
2018-09-12 12:03:00-07,20
2018-09-12 12:02:00-07,16
2018-09-12 12:01:00-07,0
2018-09-12 12:00:00-07,62
2018-09-12 11:59:00-07,1485.45144653065
2018-09-12 11:58:00-07,1252.11660798825
2018-09-12 11:57:00-07,1710.39439896183
2018-09-12 11:56:00-07,2227.60095169669
2018-09-12 11:55:00-07,1632.21597835581
2018-09-12 11:54:00-07,349.448136352163
2018-09-12 11:53:00-07,433.243580448689
2018-09-12 11:52:00-07,457.722623430392
2018-09-12 11:51:00-07,430.173220923851
2018-09-12 11:50:00-07,222.993273441151
2018-09-12 11:49:00-07,343.815357423138
2018-09-12 11:48:00-07,1519.39790706714
2018-09-12 11:47:00-07,1793.48431830334
2018-09-12 11:46:00-07,1524.36150568033
2018-09-12 11:45:00-07,163.65818036383
2018-09-12 11:44:00-07,635.299142136994
2018-09-12 11:43:00-07,749.216257164779
2018-09-12 11:42:00-07,290.704317133406
2018-09-12 11:41:00-07,117.136672310596
2018-09-12 11:40:00-07,614.011400545625
2018-09-12 11:39:00-07,32.7566787083184
2018-09-12 11:38:00-07,1010.85557821085
2018-09-12 11:37:00-07,1021.68977679137
2018-09-12 11:36:00-07,759.02173881912
2018-09-12 11:35:00-07,24.738633753706
2018-09-12 11:34:00-07,0
2018-09-12 11:33:00-07,82.9698740507662
2018-09-12 11:32:00-07,52.8393792544916
2018-09-12 11:31:00-07,318.276609256791
2018-09-12 11:30:00-07,25
2018-09-12 11:29:00-07,10
2018-09-12 11:28:00-07,0
2018-09-12 11:27:00-07,97
2018-09-12 11:26:00-07,21.2132034355964
2018-09-12 11:25:00-07,0
2018-09-12 11:24:00-07,17
2018-09-12 11:23:00-07,5
2018-09-12 11:22:00-07,289.230012273969
2018-09-12 11:21:00-07,30
2018-09-12 11:20:00-07,869.313522269152
2018-09-12 11:19:00-07,819.369269621457
2018-09-12 11:18:00-07,388.124979871175
2018-09-12 11:17:00-07,1266.3968572292
2018-09-12 11:16:00-07,46.3249392876019
2018-09-12 11:15:00-07,21.6333076527839
2018-09-12 11:14:00-07,659.302661908778
2018-09-12 11:13:00-07,135.59129765586
2018-09-12 11:12:00-07,713.079939417735
2018-09-12 11:11:00-07,1262.17272985911
2018-09-12 11:10:00-07,698.808271273316
2018-09-12 11:09:00-07,883.179483457355
2018-09-12 11:08:00-07,489.901010409246
2018-09-12 11:07:00-07,455.528264765206
2018-09-12 11:06:00-07,438.859886524162
2018-09-12 11:05:00-07,937.642255873742
2018-09-12 11:04:00-07,1312.96648852893
2018-09-12 11:03:00-07,1355.92772668753
2018-09-12 11:02:00-07,1569.40275264191
2018-09-12 11:01:00-07,353.530762452152
2018-09-12 11:00:00-07,47
2018-09-12 10:59:00-07,638.04858749158
2018-09-12 10:58:00-07,373.22915213043
2018-09-12 10:57:00-07,258.905388124697
2018-09-12 10:56:00-07,199.424171052558
2018-09-12 10:55:00-07,386.334052343306
2018-09-12 10:54:00-07,707.758433365509
2018-09-12 10:53:00-07,695.697491730422
2018-09-12 10:52:00-07,768.022786120308
2018-09-12 10:51:00-07,1237.39282364171
2018-09-12 10:50:00-07,1508.43163583903
2018-09-12 10:49:00-07,1737.73271822798
2018-09-12 10:48:00-07,1443.23421522634
2018-09-12 10:47:00-07,1088.92102560287
2018-09-12 10:46:00-07,925.532279285817
2018-09-12 10:45:00-07,374.921325080343
2018-09-12 10:44:00-07,88.068155425216
2018-09-12 10:43:00-07,663.963854437875
2018-09-12 10:42:00-07,0
2018-09-12 10:41:00-07,2
2018-09-12 10:40:00-07,30
2018-09-12 10:39:00-07,15
2018-09-12 10:38:00-07,563.150068809372
2018-09-12 10:37:00-07,758.340952342678
2018-09-12 10:36:00-07,6
2018-09-12 10:35:00-07,465.766035687447
2018-09-12 10:34:00-07,1351.09955221664
2018-09-12 10:33:00-07,594.290333086447
2018-09-12 10:32:00-07,13
2018-09-12 10:31:00-07,9.21954445729289
2018-09-12 10:30:00-07,500.018999639014
2018-09-12 10:29:00-07,113.53413583588
2018-09-12 10:28:00-07,202.239956487337
2018-09-12 10:27:00-07,547.651348943833
2018-09-12 10:26:00-07,1453.22985105592
2018-09-12 10:25:00-07,178.286286629118
2018-09-12 10:24:00-07,283.088325439252
2018-09-12 10:23:00-07,425.671234640068
2018-09-12 10:22:00-07,1246.73573783701
2018-09-12 10:21:00-07,1193.61509708951
2018-09-12 10:20:00-07,197.686620690425
2018-09-12 10:19:00-07,2435.3547996134
2018-09-12 10:18:00-07,254.363912534778
2018-09-12 10:17:00-07,385.987046414773
2018-09-12 10:16:00-07,555.507875731749
2018-09-12 10:15:00-07,1426.19037999841
2018-09-12 10:14:00-07,273.130005674953
2018-09-12 10:13:00-07,524.684667204979
2018-09-12 10:12:00-07,231.976291892081
2018-09-12 10:11:00-07,538.079919714535
2018-09-12 10:10:00-07,253.158053397477
2018-09-12 10:09:00-07,1911.88336464336
2018-09-12 10:08:00-07,861.937932800268
2018-09-12 10:07:00-07,1823.4807374908
2018-09-12 10:06:00-07,1278.63208156217
2018-09-12 10:05:00-07,879.132526983276
2018-09-12 10:04:00-07,828.537868778489
2018-09-12 10:03:00-07,2895.93439152202
2018-09-12 10:02:00-07,267.419146659322
2018-09-12 10:01:00-07,135.473244590952
2018-09-12 10:00:00-07,0
2018-09-12 09:59:00-07,0
2018-09-12 09:58:00-07,18
2018-09-12 09:57:00-07,310.924428117187
2018-09-12 09:56:00-07,717.909465044166
2018-09-12 09:55:00-07,1520.59396289739
2018-09-12 09:54:00-07,1948.31747926256
2018-09-12 09:53:00-07,615.400682482559
2018-09-12 09:52:00-07,627.12837601244
2018-09-12 09:51:00-07,851.892598864434
2018-09-12 09:50:00-07,1308.16245168557
2018-09-12 09:49:00-07,3075.61717383682
2018-09-12 09:48:00-07,375.269236682145
2018-09-12 09:47:00-07,1560.3669440231
2018-09-12 09:46:00-07,2276.77601006335
2018-09-12 09:45:00-07,2500.36497335889
2018-09-12 09:44:00-07,2241.18740849577
2018-09-12 09:43:00-07,100.448992030781
2018-09-12 09:42:00-07,0
2018-09-12 09:41:00-07,128.740048159071
2018-09-12 09:40:00-07,376.208718665583
2018-09-12 09:39:00-07,426.686067267259
2018-09-12 09:38:00-07,144.920667953194
2018-09-12 09:37:00-07,2055.14865642367
2018-09-12 09:36:00-07,972.845825400921
2018-09-12 09:35:00-07,940.308991768131
2018-09-12 09:34:00-07,2360.75708195485
2018-09-12 09:33:00-07,3317.2645357282
2018-09-12 09:32:00-07,2581.9982571644
2018-09-12 09:31:00-07,909.603210196622
2018-09-12 09:30:00-07,153.93829932801
2018-09-12 09:29:00-07,73.5730929076656
2018-09-12 09:28:00-07,50.4579032461715
2018-09-12 09:27:00-07,12.2065556157337
2018-09-12 09:26:00-07,2
2018-09-12 09:25:00-07,53.8237865631916
2018-09-12 09:24:00-07,396.716523477407
2018-09-12 09:23:00-07,178.910592196214
2018-09-12 09:22:00-07,284.281550579703
2018-09-12 09:21:00-07,1069.86541209631
2018-09-12 09:20:00-07,1472.74369800044
2018-09-12 09:19:00-07,1169.97521341266
2018-09-12 09:18:00-07,291.008590938481
2018-09-12 09:17:00-07,74.4177398205562
2018-09-12 09:16:00-07,31.8276609256791
2018-09-12 09:15:00-07,143.286426433211
2018-09-12 09:14:00-07,58.5320425066476
2018-09-12 09:13:00-07,116.498927033686
2018-09-12 09:12:00-07,104.292856898256
2018-09-12 09:11:00-07,12
2018-09-12 09:10:00-07,66.2872536767062
2018-09-12 09:09:00-07,73.5187051028512
2018-09-12 09:08:00-07,245.652193151211
2018-09-12 09:07:00-07,459.280959762105
2018-09-12 09:06:00-07,999.308761094388
2018-09-12 09:05:00-07,2332.02830171505
2018-09-12 09:04:00-07,1974.51842229947
2018-09-12 09:03:00-07,1942.93206263112
2018-09-12 09:02:00-07,1241.75400140285
2018-09-12 09:01:00-07,2134.60745805874
2018-09-12 09:00:00-07,1625.52391554231
2018-09-12 08:59:00-07,2257.78165463359
2018-09-12 08:58:00-07,2049.99195120371
2018-09-12 08:57:00-07,2313.9451160302
2018-09-12 08:56:00-07,973.347317251144
2018-09-12 08:55:00-07,2015.82588533831
2018-09-12 08:54:00-07,1199.33356494346
2018-09-12 08:53:00-07,783.934308472336
2018-09-12 08:52:00-07,461.833303259953
2018-09-12 08:51:00-07,916.098793799009
2018-09-12 08:50:00-07,1479.62360078501
2018-09-12 08:49:00-07,1501.35605370612
2018-09-12 08:48:00-07,1730.78305977381
2018-09-12 08:47:00-07,2313.26479245243
2018-09-12 08:46:00-07,2242.75656280391
2018-09-12 08:45:00-07,2072.41187991191
2018-09-12 08:44:00-07,1374.68723715615
2018-09-12 08:43:00-07,589.214731655616
2018-09-12 08:42:00-07,942.930008006957
2018-09-12 08:41:00-07,254.615396235184
2018-09-12 08:40:00-07,171.746906813485
2018-09-12 08:39:00-07,185
2018-09-12 08:38:00-07,107
2018-09-12 08:37:00-07,204.426025740364
2018-09-12 08:36:00-07,147.091808065575
2018-09-12 08:35:00-07,167.621597653763
2018-09-12 08:34:00-07,98.4123975929862
2018-09-12 08:33:00-07,1242.87851377357
2018-09-12 08:32:00-07,27
2018-09-12 08:31:00-07,9.21954445729289
2018-09-12 08:30:00-07,146.451357112182
2018-09-12 08:29:00-07,0
2018-09-12 08:28:00-07,257.186702611158
2018-09-12 08:27:00-07,414.598601058904
2018-09-12 08:26:00-07,1160.06637741122
2018-09-12 08:25:00-07,6803.49064818935
2018-09-12 08:24:00-07,0
2018-09-12 08:23:00-07,0
2018-09-12 08:22:00-07,0
2018-09-12 08:21:00-07,0
2018-09-12 08:20:00-07,0
2018-09-12 08:19:00-07,0
2018-09-12 08:18:00-07,0
2018-09-12 08:17:00-07,0
2018-09-12 08:16:00-07,0
2018-09-12 08:15:00-07,0
2018-09-12 08:14:00-07,0
2018-09-12 08:13:00-07,0
2018-09-12 08:12:00-07,0
2018-09-12 08:11:00-07,0
2018-09-12 08:10:00-07,0
2018-09-12 08:09:00-07,0
2018-09-12 08:08:00-07,0
2018-09-12 08:07:00-07,0
2018-09-12 08:06:00-07,0
2018-09-12 08:05:00-07,0
2018-09-12 08:04:00-07,0
2018-09-12 08:03:00-07,0
2018-09-12 08:02:00-07,0
2018-09-12 08:01:00-07,0
2018-09-12 08:00:00-07,0
2018-09-12 07:59:00-07,0
2018-09-12 07:58:00-07,0
2018-09-12 07:57:00-07,0
2018-09-12 07:56:00-07,0
2018-09-12 07:55:00-07,0
2018-09-12 07:54:00-07,0
2018-09-12 07:53:00-07,0
2018-09-12 07:52:00-07,0
2018-09-12 07:51:00-07,0
2018-09-12 07:50:00-07,0
2018-09-12 07:49:00-07,0
2018-09-12 07:48:00-07,0
2018-09-12 07:47:00-07,0
2018-09-12 07:46:00-07,0
2018-09-12 07:45:00-07,0
2018-09-12 07:44:00-07,0
2018-09-12 07:43:00-07,0
2018-09-12 07:42:00-07,0
2018-09-12 07:41:00-07,0
2018-09-12 07:40:00-07,0
2018-09-12 07:39:00-07,0
2018-09-12 07:38:00-07,0
2018-09-12 07:37:00-07,0
2018-09-12 07:36:00-07,381.645123118323
2018-09-12 07:35:00-07,0
2018-09-12 07:34:00-07,0
2018-09-12 07:33:00-07,0
2018-09-12 07:32:00-07,0
2018-09-12 07:31:00-07,0
2018-09-12 07:30:00-07,0
2018-09-12 07:29:00-07,0
2018-09-12 07:28:00-07,0
2018-09-12 14:17:00-07,553.602745657931
2018-09-12 14:16:00-07,741.270530912972
2018-09-12 14:15:00-07,1798.0753599335
2018-09-12 14:14:00-07,880.11646956525
2018-09-12 03:41:00-07,0
2018-09-12 03:40:00-07,0
2018-09-12 03:39:00-07,0
2018-09-12 03:38:00-07,0
2018-09-12 03:37:00-07,0
2018-09-12 03:36:00-07,0
2018-09-12 03:35:00-07,0
2018-09-12 03:34:00-07,0
2018-09-12 03:33:00-07,0
2018-09-12 03:32:00-07,0
2018-09-12 03:31:00-07,0
2018-09-12 03:30:00-07,0
2018-09-12 03:29:00-07,0
2018-09-12 03:28:00-07,0
2018-09-12 03:27:00-07,0
2018-09-12 03:26:00-07,0
2018-09-12 03:25:00-07,0
2018-09-12 03:24:00-07,0
2018-09-12 03:23:00-07,0
2018-09-12 03:22:00-07,0
2018-09-12 03:21:00-07,0
2018-09-12 03:20:00-07,0
2018-09-12 03:19:00-07,0
2018-09-12 03:18:00-07,0
2018-09-12 03:17:00-07,0
2018-09-12 03:16:00-07,0
2018-09-12 03:15:00-07,0
2018-09-12 03:14:00-07,0
2018-09-12 03:13:00-07,0
2018-09-12 03:12:00-07,0
2018-09-12 03:11:00-07,0
2018-09-12 03:10:00-07,0
2018-09-12 03:09:00-07,0
2018-09-12 03:08:00-07,0
2018-09-12 03:07:00-07,0
2018-09-12 03:06:00-07,0
2018-09-12 03:05:00-07,0
2018-09-12 03:04:00-07,0
2018-09-12 03:03:00-07,0
2018-09-12 03:02:00-07,0
2018-09-12 03:01:00-07,0
2018-09-12 03:00:00-07,0
